symbol,year,quarter,company_name,sector,direction_score,prediction,confidence,eps_surprise,earnings_day_return,trade_long_tier,risk_code,le_DirectionScore,le_LongEligible,le_HardPositivesCount,le_HardVetoCount,le_GuidanceRaised,le_DemandAcceleration,le_MarginExpansion,le_FCFImprovement,le_VisibilityImproving,le_GuidanceCut,le_DemandSoftness,le_MarginWeakness,le_CashBurn,le_VisibilityWorsening,le_PricedInRisk,reaction_date,actual_return_30d_pct
J,2017,4,Jacobs Solutions,Industrials,6.0,UP,0.6,0.1951219512195122,9.3113,D6_STRICT,medium,6.0,NO,5.0,0.0,YES,YES,YES,YES,YES,NO,NO,NO,NO,NO,Medium,2017-11-21,14.8329
CSGP,2018,4,CoStar Group,Real Estate,7.0,UP,0.7,0.1200000000000001,11.7589,D7_CORE,low,7.0,NO,0.0,0.0,UNKNOWN,UNKNOWN,UNKNOWN,UNKNOWN,UNKNOWN,NO,UNKNOWN,UNKNOWN,UNKNOWN,UNKNOWN,Low,2018-10-23,17.7614
LYV,2018,1,Live Nation Entertainment,Communication Services,6.0,UP,0.6,0.1724137931034482,12.5402,D6_STRICT,low,6.0,NO,4.0,0.0,NO,YES,YES,YES,YES,NO,NO,NO,NO,NO,Low,2018-02-27,16.1761
XYL,2017,2,Xylem Inc.,Industrials,6.0,UP,0.6,0.0350877192982456,4.5302,D6_STRICT,low,6.0,NO,4.0,0.0,NO,YES,YES,YES,YES,NO,NO,NO,NO,NO,Low,2017-05-02,11.07
LW,2018,1,Lamb Weston,Consumer Defensive,6.0,UP,0.6,0.1632653061224489,2.6288,D6_STRICT,medium,6.0,NO,1.0,0.0,NO,NO,YES,UNKNOWN,UNKNOWN,NO,NO,NO,NO,NO,Medium,2018-01-04,11.8084
CLX,2017,2,Clorox,Consumer Defensive,7.0,UP,0.7,0.0245901639344262,4.0752,D7_CORE,low,7.0,NO,4.0,0.0,YES,YES,YES,YES,YES,NO,NO,NO,NO,NO,Low,2017-05-03,14.3214
AXON,2017,4,Axon Enterprise,Industrials,7.0,UP,0.7,5.789890607317993,27.8165,D7_CORE,low,7.0,NO,0.0,0.0,NO,UNKNOWN,UNKNOWN,UNKNOWN,UNKNOWN,NO,NO,NO,UNKNOWN,NO,Low,2017-11-07,58.1651
IBKR,2017,3,Interactive Brokers Group,Financial Services,7.0,UP,0.7,0.2222222222222222,4.9789,D7_CORE,low,7.0,NO,3.0,0.0,NO,YES,YES,UNKNOWN,YES,NO,NO,NO,NO,NO,Low,2017-07-18,20.4219
NDAQ,2018,1,"Nasdaq, Inc.",Financial Services,6.0,UP,0.6,0.0249999999999998,1.7739,D6_STRICT,low,6.0,NO,2.0,0.0,NO,UNKNOWN,YES,UNKNOWN,YES,NO,NO,NO,NO,NO,Low,2018-01-31,10.4
MKC,2017,4,McCormick & Company,Consumer Defensive,6.0,UP,0.6,0.0131578947368421,4.995,D6_STRICT,low,6.0,NO,4.0,0.0,YES,NO,YES,YES,YES,NO,NO,NO,NO,NO,Low,2018-01-25,10.4296
KEYS,2018,1,Keysight Technologies,Technology,7.0,UP,0.7,0.3076923076923076,6.097,D7_CORE,low,7.0,NO,4.0,0.0,YES,YES,YES,NO,YES,NO,NO,NO,NO,NO,Low,2018-03-01,15.5002
ZTS,2017,3,Zoetis,Healthcare,7.0,UP,0.7,0.0483870967741935,4.3404,D7_CORE,medium,7.0,NO,4.0,0.0,YES,YES,YES,UNKNOWN,YES,NO,NO,NO,NO,NO,Medium,2017-08-08,11.5486
CBOE,2017,2,Cboe Global Markets,Financial Services,6.0,UP,0.6,0.0116279069767441,1.2193,D6_STRICT,low,6.0,NO,3.0,0.0,NO,YES,YES,NO,YES,NO,NO,NO,UNKNOWN,NO,Medium,2017-05-09,12.7594
NRG,2017,4,NRG Energy,Utilities,6.0,UP,0.6,7.374999999999999,4.099,D6_STRICT,medium,6.0,NO,3.0,0.0,NO,UNKNOWN,YES,YES,YES,NO,NO,NO,NO,NO,Medium,2017-11-02,16.512
KDP,2018,3,Keurig Dr Pepper,Consumer Defensive,6.0,UP,0.6,0.111111111111111,3.0402,D6_STRICT,medium,6.0,NO,4.0,0.0,NO,YES,YES,YES,YES,NO,NO,NO,NO,NO,Medium,2018-08-08,-10.7854
QCOM,2017,4,Qualcomm,Technology,7.0,UP,0.7,0.1358024691358024,2.5814,D7_CORE,low,7.0,NO,3.0,0.0,UNKNOWN,YES,YES,NO,YES,NO,NO,NO,NO,NO,Low,2017-11-01,21.1373
PSKY,2018,1,Paramount Skydance Corp,Communication Services,7.0,UP,0.6,0.1260504201680673,9.089,D7_CORE,low,7.0,NO,4.0,0.0,NO,YES,YES,YES,YES,NO,NO,NO,NO,NO,Low,2018-02-15,15.5314
UPS,2018,2,United Parcel Service,Industrials,6.0,UP,0.6,0.005181347150259,6.9015,D6_STRICT,medium,6.0,NO,4.0,0.0,NO,YES,YES,YES,YES,NO,NO,NO,NO,NO,Medium,2018-04-26,10.0142
DVN,2018,3,Devon Energy,Energy,6.0,UP,0.6,0.4651162790697675,2.8242,D6_STRICT,low,6.0,NO,4.0,0.0,NO,YES,YES,YES,YES,NO,NO,NO,NO,NO,Low,2018-07-31,-33.4649
CRL,2018,4,Charles River Laboratories,Healthcare,6.0,UP,0.6,0.0642857142857143,7.678,D6_STRICT,medium,6.0,NO,2.0,0.0,UNKNOWN,YES,YES,NO,UNKNOWN,NO,NO,NO,NO,NO,Medium,2018-11-07,10.9443
AVY,2017,3,Avery Dennison,Industrials,7.0,UP,0.7,0.0413223140495868,5.1966,D7_CORE,low,7.0,NO,5.0,0.0,YES,YES,YES,YES,YES,NO,NO,NO,NO,NO,Low,2017-07-25,13.5881
MCHP,2018,1,Microchip Technology,Technology,7.0,UP,0.7,0.0483870967741935,3.4953,D7_CORE,low,7.0,NO,3.0,0.0,NO,YES,YES,YES,UNKNOWN,NO,NO,NO,NO,NO,Low,2018-02-06,12.8161
FANG,2018,3,Diamondback Energy,Energy,7.0,UP,0.7,0.0569620253164556,2.2052,D7_CORE,low,7.0,NO,2.0,0.0,YES,YES,UNKNOWN,UNKNOWN,UNKNOWN,NO,NO,NO,UNKNOWN,NO,Low,2018-08-08,-21.6989
AVGO,2018,4,Broadcom,Technology,8.0,UP,0.8,0.0535714285714284,4.6807,D7_CORE,low,8.0,YES,4.0,0.0,YES,YES,YES,YES,YES,NO,NO,NO,NO,NO,Low,2018-12-06,15.3106
CF,2018,2,CF Industries,Basic Materials,7.0,UP,0.7,0.3999999999999999,12.1686,D7_CORE,medium,7.0,NO,4.0,0.0,NO,YES,YES,YES,YES,NO,NO,NO,NO,NO,Medium,2018-05-02,16.814
IDXX,2018,1,Idexx Laboratories,Healthcare,7.0,UP,0.7,0.0978260869565217,8.387,D7_CORE,medium,7.0,NO,3.0,0.0,YES,YES,UNKNOWN,UNKNOWN,YES,NO,NO,NO,NO,NO,Medium,2018-02-01,15.5634
ANET,2017,2,Arista Networks,Technology,7.0,UP,0.7,0.4166666666666668,19.4444,D7_CORE,low,7.0,NO,0.0,0.0,UNKNOWN,UNKNOWN,UNKNOWN,UNKNOWN,UNKNOWN,UNKNOWN,UNKNOWN,UNKNOWN,UNKNOWN,UNKNOWN,Low,2017-05-04,26.8889
PAYC,2018,2,Paycom,Technology,8.0,UP,0.8,0.2291666666666666,18.5318,D7_CORE,low,8.0,YES,3.0,0.0,YES,UNKNOWN,YES,UNKNOWN,YES,NO,NO,NO,NO,NO,Low,2018-05-01,52.5553
COO,2017,2,Cooper Companies (The),Healthcare,7.0,UP,0.7,0.1249999999999999,8.4258,D7_CORE,low,7.0,NO,5.0,0.0,YES,YES,YES,YES,YES,NO,NO,NO,NO,NO,Low,2017-06-01,14.6315
DE,2017,2,Deere & Company,Industrials,7.0,UP,0.7,0.4821428571428573,7.3045,D7_CORE,medium,7.0,NO,5.0,0.0,YES,YES,YES,YES,YES,NO,NO,NO,NO,NO,Medium,2017-05-19,10.8991
NTAP,2018,2,NetApp,Technology,7.0,UP,0.7,0.173913043478261,15.9101,D7_CORE,low,7.0,NO,3.0,0.0,NO,YES,YES,YES,UNKNOWN,NO,NO,NO,NO,NO,Low,2018-05-23,21.2789
VMC,2018,3,Vulcan Materials Company,Basic Materials,6.0,UP,0.6,0.0144927536231884,17.4941,D6_STRICT,medium,6.0,NO,2.0,0.0,NO,YES,YES,UNKNOWN,UNKNOWN,NO,NO,NO,NO,NO,Medium,2018-07-31,17.2803
BA,2017,2,Boeing,Industrials,7.0,UP,0.7,0.108695652173913,9.8795,D7_CORE,medium,7.0,NO,5.0,0.0,YES,YES,YES,YES,YES,NO,NO,NO,NO,NO,Medium,2017-04-26,11.2256
LULU,2017,3,Lululemon Athletica,Consumer Cyclical,6.0,UP,0.6,0.0769230769230769,6.4292,D6_STRICT,low,6.0,NO,2.0,0.0,NO,YES,YES,UNKNOWN,UNKNOWN,NO,NO,NO,NO,NO,Low,2017-08-31,17.7949
PODD,2017,3,Insulet Corporation,Healthcare,7.0,UP,0.7,0.6,19.4325,D7_CORE,low,7.0,NO,4.0,0.0,YES,YES,YES,UNKNOWN,YES,NO,NO,NO,NO,NO,Low,2017-08-03,18.7102
CCI,2017,2,Crown Castle,Real Estate,7.0,UP,0.7,3.285714285714285,2.0902,D7_CORE,low,7.0,NO,3.0,0.0,YES,YES,NO,NO,YES,NO,NO,UNKNOWN,NO,NO,Low,2017-04-24,10.9996
MU,2017,4,Micron Technology,Technology,7.0,UP,0.7,0.1038251366120218,2.3456,D7_CORE,low,7.0,NO,4.0,0.0,UNKNOWN,YES,YES,YES,YES,NO,NO,NO,NO,NO,Low,2017-12-19,17.2823
TDY,2017,2,Teledyne Technologies,Technology,7.0,UP,0.7,0.3387096774193547,6.4055,D7_CORE,medium,7.0,NO,5.0,0.0,YES,YES,YES,YES,YES,NO,NO,NO,NO,NO,Medium,2017-05-04,11.9383
AAPL,2018,2,Apple Inc.,Technology,7.0,UP,0.7,0.0149253731343283,4.3992,D7_CORE,low,7.0,NO,2.0,0.0,NO,YES,UNKNOWN,UNKNOWN,YES,NO,NO,NO,NO,NO,Low,2018-05-01,12.8193
ULTA,2017,1,Ulta Beauty,Consumer Cyclical,6.0,UP,0.6,0.061111111111111,3.1941,D6_STRICT,low,6.0,NO,2.0,0.0,NO,YES,YES,UNKNOWN,UNKNOWN,NO,NO,NO,NO,NO,Low,2017-03-09,-12.6467
AMAT,2017,3,Applied Materials,Technology,7.0,UP,0.7,0.0238095238095238,2.7365,D7_CORE,low,7.0,NO,4.0,0.0,NO,YES,YES,YES,YES,NO,NO,NO,NO,NO,Low,2017-08-17,20.7792
MA,2018,1,Mastercard,Financial Services,7.0,UP,0.7,0.2,3.0902,D7_CORE,medium,7.0,NO,4.0,0.0,YES,YES,YES,UNKNOWN,YES,NO,NO,NO,NO,NO,Medium,2018-02-01,10.5742
MTD,2017,1,Mettler Toledo,Healthcare,8.0,UP,0.8,0.0809061488673139,4.7813,D7_CORE,low,8.0,YES,3.0,0.0,YES,YES,YES,UNKNOWN,YES,NO,NO,NO,UNKNOWN,NO,Low,2017-02-02,14.5327
AAPL,2017,1,Apple Inc.,Technology,6.0,UP,0.6,0.0499999999999999,6.0976,D6_STRICT,low,6.0,NO,2.0,0.0,NO,YES,YES,UNKNOWN,UNKNOWN,NO,NO,NO,NO,NO,Low,2017-01-31,15.9196
NOC,2017,4,Northrop Grumman,Industrials,7.0,UP,0.7,0.0254545454545453,3.6815,D7_CORE,low,7.0,NO,4.0,0.0,YES,YES,NO,YES,YES,NO,NO,NO,NO,NO,Low,2017-10-25,11.5421
LW,2018,3,Lamb Weston,Consumer Defensive,6.0,UP,0.6,0.1818181818181818,3.4326,D6_STRICT,medium,6.0,NO,5.0,0.0,YES,YES,YES,YES,YES,NO,NO,NO,NO,NO,Medium,2018-07-25,12.7377
CSX,2018,4,CSX Corporation,Industrials,7.0,UP,0.7,0.0303030303030303,3.4562,D7_CORE,low,7.0,NO,4.0,0.0,NO,YES,YES,YES,YES,NO,NO,NO,NO,NO,Low,2018-10-16,11.2903
ULTA,2018,4,Ulta Beauty,Consumer Cyclical,6.0,UP,0.6,0.0140449438202246,8.2877,D6_STRICT,low,6.0,NO,1.0,0.0,NO,NO,YES,NO,UNKNOWN,NO,NO,NO,NO,NO,Low,2018-12-06,12.2844
PYPL,2018,3,PayPal,Financial Services,7.0,UP,0.7,0.0740740740740739,9.4218,D7_CORE,low,7.0,NO,0.0,0.0,UNKNOWN,UNKNOWN,UNKNOWN,UNKNOWN,UNKNOWN,NO,NO,NO,NO,NO,Low,2018-07-25,13.5519
ANET,2017,3,Arista Networks,Technology,8.0,UP,0.8,0.3666666666666666,11.2191,D7_CORE,low,8.0,YES,5.0,0.0,YES,YES,YES,YES,YES,NO,NO,NO,NO,NO,Low,2017-08-03,29.947
NOW,2018,1,ServiceNow,Technology,7.0,UP,0.7,0.5135135135135137,4.5316,D7_CORE,low,7.0,NO,4.0,0.0,YES,YES,NO,YES,YES,NO,NO,NO,NO,NO,Low,2018-01-31,12.7785
MSCI,2017,4,MSCI,Financial Services,8.0,UP,0.8,0.1616161616161615,5.0923,D7_CORE,medium,8.0,YES,5.0,0.0,YES,YES,YES,YES,YES,NO,NO,NO,NO,NO,Medium,2017-11-02,11.3122
DXCM,2018,2,Dexcom,Healthcare,7.0,UP,0.7,0.4000000000000001,30.637,D7_CORE,low,7.0,NO,0.0,0.0,UNKNOWN,UNKNOWN,UNKNOWN,UNKNOWN,UNKNOWN,UNKNOWN,UNKNOWN,UNKNOWN,UNKNOWN,UNKNOWN,Low,2018-05-02,49.8743
DXCM,2018,3,Dexcom,Healthcare,7.0,UP,0.7,2.700277520814061,8.8173,D7_CORE,medium,7.0,NO,4.0,0.0,YES,YES,YES,UNKNOWN,YES,NO,NO,NO,NO,NO,Medium,2018-08-01,-18.5074
MSI,2018,4,Motorola Solutions,Technology,7.0,UP,0.7,0.0395256916996047,14.1207,D7_CORE,low,7.0,NO,0.0,0.0,UNKNOWN,UNKNOWN,UNKNOWN,UNKNOWN,UNKNOWN,NO,NO,UNKNOWN,UNKNOWN,NO,Low,2018-11-01,16.8774
SYK,2018,4,Stryker Corporation,Healthcare,7.0,UP,0.7,0.0139534883720931,11.3739,D7_CORE,low,7.0,NO,0.0,0.0,UNKNOWN,UNKNOWN,UNKNOWN,UNKNOWN,UNKNOWN,NO,NO,NO,NO,NO,Low,2018-10-25,20.041
FSLR,2017,3,First Solar,Energy,7.0,UP,0.6,1.3214285714285714,20.3464,D7_CORE,low,7.0,NO,0.0,0.0,UNKNOWN,UNKNOWN,UNKNOWN,UNKNOWN,UNKNOWN,NO,NO,UNKNOWN,UNKNOWN,NO,Low,2017-07-27,46.1811
MPWR,2018,1,Monolithic Power Systems,Technology,6.0,UP,0.6,0.0259740259740259,1.725,D6_STRICT,low,6.0,NO,2.0,0.0,UNKNOWN,YES,YES,NO,UNKNOWN,NO,NO,NO,NO,NO,Low,2018-02-08,17.5576
KIM,2018,1,Kimco Realty,Real Estate,6.0,UP,0.6,1.0,6.2689,D6_STRICT,low,6.0,NO,2.0,0.0,NO,YES,YES,UNKNOWN,YES,NO,NO,NO,NO,NO,Low,2018-02-15,23.716
AMD,2018,4,Advanced Micro Devices,Technology,7.0,UP,0.7,0.2222222222222222,13.6972,D7_CORE,low,7.0,NO,0.0,0.0,UNKNOWN,UNKNOWN,UNKNOWN,UNKNOWN,UNKNOWN,UNKNOWN,UNKNOWN,UNKNOWN,UNKNOWN,UNKNOWN,Low,2018-10-24,57.0546
FIS,2018,1,Fidelity National Information Services,Technology,7.0,UP,0.7,0.0480769230769231,4.9384,D7_CORE,medium,7.0,NO,3.0,0.0,YES,NO,YES,NO,YES,NO,NO,NO,NO,NO,Medium,2018-02-06,12.7725
AIZ,2018,3,Assurant,Financial Services,6.0,UP,0.6,0.06,4.3102,D6_STRICT,medium,6.0,NO,3.0,0.0,YES,NO,YES,UNKNOWN,YES,NO,NO,NO,NO,NO,Medium,2018-08-07,-13.0935
KLAC,2017,2,KLA Corporation,Technology,6.0,UP,0.6,0.0935251798561151,3.4955,D6_STRICT,low,6.0,NO,4.0,0.0,NO,YES,YES,YES,YES,NO,NO,NO,NO,NO,Low,2017-04-27,11.5435
ADBE,2017,1,Adobe Inc.,Technology,6.0,UP,0.6,0.0804597701149424,3.8087,D6_STRICT,low,6.0,NO,2.0,0.0,UNKNOWN,YES,NO,UNKNOWN,YES,NO,NO,UNKNOWN,NO,NO,Low,2017-03-16,10.4291
SBAC,2017,3,SBA Communications,Real Estate,7.0,UP,0.7,0.04,4.668,D7_CORE,low,7.0,NO,3.0,0.0,YES,YES,NO,UNKNOWN,YES,NO,NO,NO,NO,NO,Low,2017-07-31,10.1618
HAL,2017,4,Halliburton,Energy,7.0,UP,0.7,0.1521739130434782,6.395,D7_CORE,medium,7.0,NO,0.0,0.0,NO,UNKNOWN,UNKNOWN,UNKNOWN,UNKNOWN,NO,NO,NO,UNKNOWN,NO,Medium,2017-10-23,-13.3748
CME,2017,3,CME Group,Financial Services,6.0,UP,0.6,0.0258620689655172,2.0545,D6_STRICT,low,6.0,NO,1.0,0.0,NO,UNKNOWN,YES,UNKNOWN,UNKNOWN,NO,NO,NO,NO,UNKNOWN,Low,2017-08-01,14.1726
DVN,2018,1,Devon Energy,Energy,7.0,UP,0.7,0.0526315789473684,5.6077,D7_CORE,medium,7.0,NO,5.0,0.0,YES,YES,YES,YES,YES,NO,NO,NO,NO,NO,Medium,2018-02-20,15.221
APO,2017,4,Apollo Global Management,Financial Services,7.0,UP,0.7,0.8208955223880595,2.8811,D7_CORE,low,7.0,NO,3.0,0.0,NO,YES,YES,UNKNOWN,YES,NO,NO,NO,NO,NO,Low,2017-11-01,-10.3497
UNH,2017,3,UnitedHealth Group,Healthcare,6.0,UP,0.6,0.0390625,5.5331,D6_STRICT,low,6.0,NO,4.0,0.0,NO,YES,YES,YES,YES,NO,NO,NO,NO,NO,Low,2017-07-18,15.3623
ADP,2018,3,Automatic Data Processing,Industrials,6.0,UP,0.6,0.0555555555555556,2.7441,D6_STRICT,low,6.0,NO,4.0,0.0,YES,YES,YES,UNKNOWN,YES,NO,NO,NO,NO,NO,Low,2018-08-01,17.6936
BR,2017,3,Broadridge Financial Solutions,Technology,7.0,UP,0.7,0.1499999999999999,3.5108,D7_CORE,low,7.0,NO,4.0,0.0,NO,YES,YES,YES,YES,NO,NO,NO,NO,NO,Low,2017-08-10,11.4833
INTC,2018,3,Intel,Technology,8.0,UP,0.8,0.2173913043478261,4.4554,D7_CORE,low,8.0,YES,5.0,0.0,YES,YES,YES,YES,YES,NO,NO,NO,NO,NO,Low,2018-07-26,11.2918
ODFL,2017,3,Old Dominion,Industrials,7.0,UP,0.7,0.0789473684210525,5.5931,D7_CORE,medium,7.0,NO,3.0,0.0,NO,YES,YES,UNKNOWN,YES,NO,NO,NO,NO,NO,Medium,2017-07-27,17.5358
WSM,2018,1,Williams-Sonoma,Consumer Cyclical,7.0,UP,0.7,0.1724137931034484,5.6527,D7_CORE,low,7.0,NO,4.0,0.0,YES,YES,YES,UNKNOWN,YES,NO,NO,NO,NO,NO,Low,2018-03-14,24.9695
RMD,2017,2,ResMed,Healthcare,7.0,UP,0.7,0.0428571428571429,9.6226,D7_CORE,low,7.0,NO,0.0,0.0,UNKNOWN,UNKNOWN,UNKNOWN,UNKNOWN,UNKNOWN,UNKNOWN,UNKNOWN,UNKNOWN,UNKNOWN,UNKNOWN,Low,2017-04-27,11.2107
LULU,2018,4,Lululemon Athletica,Consumer Cyclical,7.0,UP,0.7,0.0632183908045977,14.1281,D7_CORE,low,7.0,NO,0.0,0.0,UNKNOWN,UNKNOWN,UNKNOWN,UNKNOWN,UNKNOWN,NO,NO,NO,NO,NO,Low,2018-12-06,18.3106
ZTS,2017,1,Zoetis,Healthcare,6.0,UP,0.6,0.1041666666666667,5.9003,D6_STRICT,low,6.0,NO,2.0,0.0,NO,YES,YES,UNKNOWN,NO,NO,NO,NO,NO,NO,Low,2017-02-16,12.5202
INTC,2017,4,Intel,Technology,8.0,UP,0.8,0.2558139534883722,10.5519,D7_CORE,low,8.0,YES,5.0,0.0,YES,YES,YES,YES,YES,NO,NO,NO,NO,NO,Low,2017-10-26,13.7307
AMZN,2023,3,Amazon,Consumer Cyclical,7.0,UP,0.7,0.6206896551724138,6.8328,D7_CORE,low,7.0,NO,4.0,0.0,NO,YES,YES,YES,YES,NO,NO,NO,NO,NO,Low,2023-10-26,22.0122
EIX,2022,4,Edison International,Utilities,6.0,UP,0.6,0.0454545454545452,4.2059,D6_STRICT,low,6.0,NO,2.0,0.0,YES,NO,NO,NO,YES,NO,NO,NO,UNKNOWN,NO,Low,2023-02-23,10.5982
ABNB,2021,2,Airbnb,Consumer Cyclical,8.0,UP,0.8,0.7659574468085106,1.0652,D7_CORE,low,8.0,YES,4.0,0.0,YES,YES,YES,UNKNOWN,YES,NO,NO,NO,NO,NO,Low,2021-08-12,15.2894
BKNG,2021,2,Booking Holdings,Consumer Cyclical,6.0,UP,0.6,0.0520446096654275,5.8529,D6_STRICT,low,6.0,NO,5.0,0.0,YES,YES,YES,YES,YES,NO,NO,NO,NO,NO,Low,2021-08-04,11.4943
DXCM,2021,2,Dexcom,Healthcare,7.0,UP,0.7,0.7272727272727273,13.0427,D7_CORE,low,7.0,NO,3.0,0.0,UNKNOWN,YES,YES,UNKNOWN,YES,NO,NO,NO,NO,NO,Low,2021-07-29,18.5071
DIS,2022,3,Walt Disney Company (The),Communication Services,6.0,UP,0.6,0.1595744680851065,4.6785,D6_STRICT,low,6.0,NO,3.0,0.0,NO,YES,YES,NO,YES,NO,NO,NO,NO,NO,Low,2022-11-08,-11.5005
NTAP,2021,2,NetApp,Technology,7.0,UP,0.7,0.4583333333333334,9.3612,D7_CORE,low,7.0,NO,4.0,0.0,NO,YES,YES,YES,YES,NO,NO,NO,NO,NO,Low,2021-08-25,19.387
CMG,2023,3,Chipotle Mexican Grill,Consumer Cyclical,6.0,UP,0.6,0.0952380952380953,1.1656,D6_STRICT,low,6.0,NO,2.0,0.0,NO,NO,YES,YES,NO,NO,NO,NO,NO,NO,Low,2023-10-26,22.9404
ABNB,2021,3,Airbnb,Consumer Cyclical,6.0,UP,0.6,0.6266666666666666,12.984,D6_STRICT,low,6.0,NO,4.0,0.0,NO,YES,YES,YES,YES,NO,NO,NO,NO,NO,Low,2021-11-04,-11.8913
PODD,2023,3,Insulet Corporation,Healthcare,7.0,UP,0.7,0.7749999999999998,15.7647,D7_CORE,low,7.0,NO,4.0,0.0,YES,YES,YES,UNKNOWN,YES,NO,NO,NO,NO,NO,Low,2023-11-02,49.2666
RTX,2021,4,RTX Corporation,Industrials,7.0,UP,0.7,0.0693069306930693,2.4852,D7_CORE,low,7.0,NO,5.0,0.0,YES,YES,YES,YES,YES,NO,NO,NO,NO,NO,Low,2022-01-25,11.8021
TTD,2021,1,"The Trade Desk, Inc.",Technology,7.0,UP,0.7,0.7500000000000001,5.0654,D7_CORE,low,7.0,NO,5.0,0.0,YES,YES,YES,YES,YES,NO,NO,NO,NO,NO,High,2021-05-10,33.558
PNR,2021,2,Pentair,Industrials,7.0,UP,0.7,0.0499999999999999,4.6434,D7_CORE,low,7.0,NO,5.0,0.0,YES,YES,YES,YES,YES,NO,NO,NO,NO,NO,Low,2021-07-27,12.3435
MRNA,2021,4,Moderna,Healthcare,7.0,UP,0.7,0.1404040404040402,15.1035,D7_CORE,low,7.0,NO,3.0,0.0,UNKNOWN,YES,YES,YES,UNKNOWN,NO,NO,NO,NO,UNKNOWN,Low,2022-02-24,17.1443
GDDY,2019,4,GoDaddy,Technology,7.0,UP,0.7,0.0967741935483871,10.611,D7_CORE,low,7.0,NO,4.0,0.0,NO,YES,YES,YES,YES,NO,NO,NO,NO,NO,Low,2019-11-06,-16.5232
GILD,2022,3,Gilead Sciences,Healthcare,7.0,UP,0.7,0.3194444444444444,12.9202,D7_CORE,medium,7.0,NO,0.0,0.0,UNKNOWN,UNKNOWN,UNKNOWN,UNKNOWN,UNKNOWN,NO,NO,NO,UNKNOWN,UNKNOWN,Medium,2022-10-27,26.1254
PAYX,2022,1,Paychex,Industrials,7.0,UP,0.7,0.1124999999999999,4.2652,D7_CORE,low,7.0,NO,4.0,0.0,UNKNOWN,YES,YES,YES,YES,NO,NO,NO,NO,NO,Low,2022-03-30,14.4182
TXT,2021,1,Textron,Industrials,7.0,UP,0.7,0.4893617021276595,2.251,D7_CORE,medium,7.0,NO,5.0,0.0,YES,YES,YES,YES,YES,NO,NO,NO,NO,NO,Medium,2021-04-29,10.7368
PANW,2021,4,Palo Alto Networks,Technology,7.0,UP,0.7,0.1250000000000001,18.602,D7_CORE,low,7.0,NO,0.0,0.0,UNKNOWN,UNKNOWN,UNKNOWN,UNKNOWN,UNKNOWN,NO,NO,NO,NO,NO,Low,2022-02-22,30.488
STX,2021,3,Seagate Technology,Technology,7.0,UP,0.7,0.1212121212121211,6.03,D7_CORE,low,7.0,NO,4.0,0.0,NO,YES,YES,YES,YES,NO,NO,NO,NO,NO,Low,2021-10-22,17.3287
OXY,2021,3,Occidental Petroleum,Energy,7.0,UP,0.7,0.3181818181818181,2.6032,D7_CORE,low,7.0,NO,4.0,0.0,YES,YES,UNKNOWN,YES,YES,NO,NO,NO,NO,NO,Low,2021-11-04,-14.4225
CTVA,2020,3,Corteva,Basic Materials,6.0,UP,0.6,0.0714285714285713,3.5387,D6_STRICT,low,6.0,NO,3.0,0.0,NO,YES,YES,YES,YES,NO,NO,NO,NO,NO,Low,2020-08-05,20.2257
OTIS,2021,1,Otis Worldwide,Industrials,7.0,UP,0.7,0.1428571428571428,7.0006,D7_CORE,medium,7.0,NO,5.0,0.0,YES,YES,YES,YES,YES,NO,NO,NO,NO,NO,Medium,2021-04-26,13.4259
ADSK,2023,1,Autodesk,Technology,7.0,UP,0.7,0.0751879699248119,10.3063,D7_CORE,low,7.0,NO,4.0,0.0,UNKNOWN,YES,YES,YES,YES,NO,NO,NO,NO,NO,Low,2023-05-25,-10.7916
NRG,2023,4,NRG Energy,Utilities,7.0,UP,0.7,0.2127659574468084,1.2213,D7_CORE,medium,7.0,NO,4.0,0.0,NO,YES,YES,YES,YES,NO,NO,NO,NO,NO,Medium,2024-02-28,38.0274
DVA,2023,3,DaVita,Healthcare,7.0,UP,0.7,0.297029702970297,5.8934,D7_CORE,low,7.0,NO,3.0,0.0,YES,YES,YES,UNKNOWN,UNKNOWN,NO,NO,NO,UNKNOWN,NO,Low,2023-11-07,30.8028
CDNS,2022,4,Cadence Design Systems,Technology,7.0,UP,0.7,0.0434782608695651,7.2106,D7_CORE,low,7.0,NO,4.0,0.0,YES,NO,YES,YES,YES,NO,NO,NO,NO,NO,Low,2023-02-13,10.9316
ISRG,2022,3,Intuitive Surgical,Healthcare,7.0,UP,0.7,0.0818181818181816,8.9867,D7_CORE,low,7.0,NO,4.0,0.0,YES,YES,YES,UNKNOWN,YES,NO,NO,NO,NO,NO,Low,2022-10-18,41.6869
LKQ,2020,3,LKQ Corporation,Consumer Cyclical,7.0,UP,0.7,0.4150943396226414,6.4159,D7_CORE,low,7.0,NO,0.0,0.0,UNKNOWN,UNKNOWN,UNKNOWN,UNKNOWN,UNKNOWN,UNKNOWN,UNKNOWN,UNKNOWN,UNKNOWN,UNKNOWN,Low,2020-07-30,23.1441
IBKR,2022,4,Interactive Brokers Group,Financial Services,7.0,UP,0.7,0.103448275862069,4.8187,D7_CORE,low,7.0,NO,2.0,0.0,NO,YES,YES,UNKNOWN,UNKNOWN,NO,NO,NO,NO,NO,Low,2023-01-17,14.8705
TMUS,2021,1,T-Mobile US,Communication Services,8.0,UP,0.8,0.2982456140350878,4.3976,D7_CORE,low,8.0,YES,5.0,0.0,YES,YES,YES,YES,YES,NO,NO,NO,NO,NO,Low,2021-05-04,13.9866
ECL,2023,3,Ecolab,Basic Materials,7.0,UP,0.7,0.0131578947368421,5.3974,D7_CORE,low,7.0,NO,4.0,0.0,YES,YES,YES,YES,YES,NO,NO,NO,NO,NO,Low,2023-10-31,24.7251
PTC,2022,2,PTC Inc.,Technology,7.0,UP,0.7,0.2636363636363634,17.1789,D7_CORE,low,7.0,NO,0.0,0.0,UNKNOWN,UNKNOWN,UNKNOWN,UNKNOWN,UNKNOWN,UNKNOWN,UNKNOWN,UNKNOWN,UNKNOWN,UNKNOWN,Low,2022-07-27,11.7496
TMUS,2021,4,T-Mobile US,Communication Services,7.0,UP,0.6,5.875,10.2208,D7_CORE,medium,7.0,NO,0.0,0.0,UNKNOWN,UNKNOWN,UNKNOWN,UNKNOWN,UNKNOWN,UNKNOWN,UNKNOWN,UNKNOWN,UNKNOWN,UNKNOWN,Medium,2022-02-02,16.0613
AVY,2022,2,Avery Dennison,Industrials,7.0,UP,0.7,0.1186440677966102,7.2368,D7_CORE,medium,7.0,NO,3.0,0.0,YES,YES,YES,UNKNOWN,YES,NO,NO,NO,NO,NO,Medium,2022-07-27,10.0664
SPG,2023,4,Simon Property Group,Real Estate,6.0,UP,0.6,0.1047904191616766,4.8249,D6_STRICT,low,6.0,NO,2.0,0.0,NO,YES,YES,NO,NO,NO,NO,NO,NO,NO,Low,2024-02-05,13.6048
ADBE,2021,2,Adobe Inc.,Technology,8.0,UP,0.8,0.0782918149466191,2.5809,D7_CORE,low,8.0,YES,4.0,0.0,YES,YES,UNKNOWN,YES,YES,NO,NO,NO,NO,NO,Low,2021-06-17,12.2225
HPQ,2021,1,HP Inc.,Technology,8.0,UP,0.8,0.3939393939393939,2.7669,D7_CORE,medium,8.0,YES,5.0,0.0,YES,YES,YES,YES,YES,NO,NO,NO,NO,NO,Medium,2021-05-27,16.1405
ABNB,2022,1,Airbnb,Consumer Cyclical,7.0,UP,0.7,0.8928571428571428,7.7103,D7_CORE,low,7.0,NO,4.0,0.0,NO,YES,YES,YES,YES,NO,NO,NO,NO,NO,Low,2022-05-03,-35.6828
HUBB,2022,3,Hubbell Incorporated,Industrials,7.0,UP,0.7,0.062730627306273,6.3348,D7_CORE,low,7.0,NO,5.0,0.0,YES,YES,YES,YES,YES,NO,NO,NO,NO,NO,Low,2022-10-25,10.5596
AAPL,2020,1,Apple Inc.,Technology,7.0,UP,0.7,0.0964912280701755,2.0902,D7_CORE,low,7.0,NO,2.0,0.0,NO,UNKNOWN,YES,UNKNOWN,YES,NO,NO,NO,NO,NO,Low,2020-01-28,-21.8585
AES,2021,4,AES Corporation,Utilities,6.0,UP,0.6,0.0465116279069767,0.9082,D6_STRICT,low,6.0,NO,4.0,0.0,NO,YES,YES,YES,YES,NO,NO,NO,NO,NO,Low,2022-02-24,18.6902
ROK,2023,2,Rockwell Automation,Industrials,8.0,UP,0.8,0.1576923076923075,4.7999,D7_CORE,low,8.0,YES,4.0,0.0,YES,YES,YES,UNKNOWN,YES,NO,NO,NO,NO,NO,Low,2023-08-01,12.8848
CMG,2022,2,Chipotle Mexican Grill,Consumer Cyclical,7.0,UP,0.7,0.0555555555555556,14.6981,D7_CORE,low,7.0,NO,2.0,0.0,NO,YES,YES,UNKNOWN,UNKNOWN,NO,NO,NO,NO,NO,Low,2022-07-26,29.662
JKHY,2022,2,Jack Henry & Associates,Technology,7.0,UP,0.7,0.1504424778761063,3.4515,D7_CORE,low,7.0,NO,5.0,0.0,YES,YES,YES,YES,YES,NO,NO,NO,NO,NO,Low,2022-08-16,11.8972
ADM,2021,1,Archer Daniels Midland,Consumer Defensive,7.0,UP,0.7,0.3365384615384614,3.0677,D7_CORE,medium,7.0,NO,4.0,0.0,YES,YES,YES,UNKNOWN,YES,NO,NO,NO,NO,NO,Medium,2021-04-27,13.5545
RMD,2021,2,ResMed,Healthcare,6.0,UP,0.6,0.1102362204724408,0.8736,D6_STRICT,low,6.0,NO,3.0,0.0,NO,YES,YES,YES,NO,NO,NO,NO,NO,NO,Medium,2021-08-05,-13.5196
QCOM,2020,4,Qualcomm,Technology,8.0,UP,0.8,0.2184873949579832,12.7472,D7_CORE,medium,8.0,YES,4.0,0.0,YES,YES,YES,UNKNOWN,YES,NO,NO,NO,NO,NO,Medium,2020-11-04,14.3057
IRM,2021,1,Iron Mountain,Real Estate,7.0,UP,0.7,0.265625,7.5394,D7_CORE,low,7.0,NO,0.0,0.0,UNKNOWN,UNKNOWN,UNKNOWN,UNKNOWN,UNKNOWN,NO,NO,NO,UNKNOWN,NO,Low,2021-05-06,14.2525
TT,2020,3,Trane Technologies,Industrials,7.0,UP,0.7,0.2740740740740739,3.3635,D7_CORE,low,7.0,NO,5.0,0.0,YES,YES,YES,YES,YES,NO,NO,NO,NO,NO,Low,2020-07-29,12.5647
WAT,2021,1,Waters Corporation,Healthcare,8.0,UP,0.8,0.4585987261146496,2.9058,D7_CORE,low,8.0,YES,5.0,0.0,YES,YES,YES,YES,YES,NO,NO,NO,NO,NO,Low,2021-05-05,15.6163
JCI,2023,2,Johnson Controls,Industrials,7.0,UP,0.7,0.0273972602739726,6.1186,D7_CORE,low,7.0,NO,4.0,0.0,UNKNOWN,YES,YES,YES,YES,NO,NO,NO,NO,NO,Low,2023-08-02,12.2885
TTD,2020,4,"The Trade Desk, Inc.",Technology,8.0,UP,0.8,0.9473684210526316,6.71,D7_CORE,low,8.0,YES,5.0,0.0,YES,YES,YES,YES,YES,NO,NO,NO,NO,NO,Low,2020-11-05,-22.8352
CRM,2023,4,Salesforce,Technology,7.0,UP,0.7,0.2444444444444443,11.4969,D7_CORE,low,7.0,NO,3.0,0.0,UNKNOWN,NO,YES,YES,YES,NO,NO,NO,NO,NO,Low,2024-02-28,16.3131
HLT,2022,4,Hilton Worldwide,Consumer Cyclical,7.0,UP,0.7,0.3250000000000001,2.39,D7_CORE,low,7.0,NO,5.0,0.0,YES,YES,YES,YES,YES,NO,NO,NO,NO,NO,Low,2023-02-09,-10.4902
WRB,2021,4,W. R. Berkley Corporation,Financial Services,7.0,UP,0.7,0.2592592592592592,4.0941,D7_CORE,low,7.0,NO,3.0,0.0,NO,YES,YES,UNKNOWN,YES,NO,NO,NO,UNKNOWN,NO,Low,2022-01-27,15.1867
HWM,2023,4,Howmet Aerospace,Industrials,7.0,UP,0.7,0.1276595744680852,5.3544,D7_CORE,medium,7.0,NO,4.0,0.0,YES,YES,YES,YES,YES,NO,NO,NO,NO,NO,Medium,2024-02-13,15.7233
PM,2020,4,Philip Morris International,Consumer Defensive,8.0,UP,0.8,0.0413223140495868,4.2378,D7_CORE,low,8.0,YES,4.0,0.0,YES,YES,YES,UNKNOWN,YES,NO,NO,NO,NO,NO,Low,2020-10-20,11.2427
PANW,2023,3,Palo Alto Networks,Technology,8.0,UP,0.8,0.1956521739130435,7.6842,D7_CORE,low,8.0,YES,5.0,0.0,YES,YES,YES,YES,YES,NO,NO,NO,NO,NO,Low,2023-11-15,30.4311
ADI,2021,2,Analog Devices,Technology,8.0,UP,0.8,0.0620689655172414,4.9558,D7_CORE,low,8.0,YES,5.0,0.0,YES,YES,YES,YES,YES,NO,NO,NO,NO,NO,Low,2021-08-18,15.9572
AMCR,2020,2,Amcor,Consumer Cyclical,7.0,UP,0.7,0.1428571428571427,1.4801,D7_CORE,low,7.0,NO,5.0,0.0,YES,YES,YES,YES,YES,NO,NO,NO,NO,NO,Low,2020-05-11,-28.6772
FTNT,2022,4,Fortinet,Technology,7.0,UP,0.7,0.1282051282051281,10.8962,D7_CORE,low,7.0,NO,5.0,0.0,YES,YES,YES,YES,YES,NO,NO,NO,NO,NO,Low,2023-02-07,17.6088
DHR,2021,2,Danaher Corporation,Healthcare,7.0,UP,0.7,0.2000000000000001,3.2699,D7_CORE,low,7.0,NO,4.0,0.0,UNKNOWN,YES,YES,YES,YES,NO,NO,NO,NO,NO,Low,2021-07-22,18.4501
PYPL,2021,1,PayPal,Financial Services,6.0,UP,0.6,0.2079207920792078,1.8674,D6_STRICT,low,6.0,NO,2.0,0.0,UNKNOWN,YES,YES,UNKNOWN,YES,NO,NO,NO,NO,NO,Low,2021-05-05,14.5432
MAS,2023,3,Masco,Industrials,7.0,UP,0.7,0.0989010989010988,6.6211,D7_CORE,low,7.0,NO,0.0,0.0,UNKNOWN,UNKNOWN,UNKNOWN,UNKNOWN,UNKNOWN,UNKNOWN,UNKNOWN,UNKNOWN,UNKNOWN,UNKNOWN,Low,2023-10-26,32.4229
BEN,2022,1,Franklin Resources,Financial Services,6.0,UP,0.6,0.2134831460674157,0.5317,D6_STRICT,low,6.0,NO,2.0,0.0,YES,YES,NO,NO,UNKNOWN,NO,NO,NO,UNKNOWN,NO,Low,2022-05-03,-12.8245
DASH,2023,3,DoorDash,Communication Services,7.0,UP,0.7,0.5777777777777778,15.6653,D7_CORE,medium,7.0,NO,3.0,0.0,NO,YES,YES,UNKNOWN,YES,NO,NO,NO,UNKNOWN,NO,Low,2023-11-01,33.8208
KLAC,2022,1,KLA Corporation,Technology,8.0,UP,0.8,0.042696629213483,4.3368,D7_CORE,low,8.0,YES,4.0,0.0,YES,YES,YES,YES,YES,NO,NO,NO,NO,NO,Low,2022-04-28,20.589
AXON,2023,4,Axon Enterprise,Industrials,7.0,UP,0.7,0.302325581395349,13.7591,D7_CORE,low,7.0,NO,3.0,0.0,NO,YES,YES,UNKNOWN,YES,NO,NO,NO,UNKNOWN,NO,Low,2024-02-27,19.2296
GRMN,2021,2,Garmin,Technology,7.0,UP,0.7,0.3333333333333332,2.6638,D7_CORE,low,7.0,NO,4.0,0.0,YES,YES,YES,NO,YES,NO,NO,NO,NO,NO,Low,2021-07-28,13.8582
REGN,2022,2,Regeneron Pharmaceuticals,Healthcare,6.0,UP,0.6,0.145369284876905,1.0168,D6_STRICT,low,6.0,NO,3.0,0.0,NO,YES,YES,YES,YES,NO,NO,NO,NO,NO,Low,2022-08-03,16.6779
PANW,2023,1,Palo Alto Networks,Technology,8.0,UP,0.8,0.2352941176470586,6.975,D7_CORE,low,8.0,YES,5.0,0.0,YES,YES,YES,YES,YES,NO,NO,NO,NO,NO,Low,2023-05-23,-11.51
SLB,2022,2,Schlumberger,Energy,8.0,UP,0.8,0.2499999999999999,4.2819,D7_CORE,medium,8.0,YES,5.0,0.0,YES,YES,YES,YES,YES,NO,NO,NO,NO,NO,Medium,2022-07-22,13.2025
PWR,2023,3,Quanta Services,Industrials,7.0,UP,0.7,0.0616113744075831,9.6855,D7_CORE,low,7.0,NO,5.0,0.0,YES,YES,YES,YES,YES,NO,NO,NO,NO,NO,Low,2023-11-02,34.7074
BSX,2022,1,Boston Scientific,Healthcare,7.0,UP,0.7,0.0263157894736842,2.3462,D7_CORE,low,7.0,NO,3.0,0.0,NO,YES,YES,UNKNOWN,YES,NO,NO,NO,NO,NO,Low,2022-04-27,-14.9868
INVH,2021,1,Invitation Homes,Real Estate,7.0,UP,0.7,0.4285714285714285,1.6691,D7_CORE,low,7.0,NO,4.0,0.0,YES,YES,YES,UNKNOWN,YES,NO,NO,NO,NO,NO,Low,2021-04-28,10.4246
EXR,2021,4,Extra Space Storage,Real Estate,7.0,UP,0.7,0.4285714285714286,1.6773,D7_CORE,low,7.0,NO,3.0,0.0,UNKNOWN,YES,YES,UNKNOWN,YES,NO,NO,NO,NO,NO,Low,2022-02-23,14.3347
FDX,2021,3,FedEx,Industrials,7.0,UP,0.7,0.0743034055727554,6.0984,D7_CORE,low,7.0,NO,3.0,0.0,NO,YES,YES,UNKNOWN,YES,NO,NO,NO,NO,NO,Low,2021-09-21,15.5744
IR,2021,2,Ingersoll Rand,Industrials,8.0,UP,0.8,0.0952380952380953,1.4957,D7_CORE,low,8.0,YES,5.0,0.0,YES,YES,YES,YES,YES,NO,NO,NO,NO,NO,Low,2021-07-28,15.2939
AMT,2023,3,American Tower,Real Estate,7.0,UP,0.7,0.0978723404255319,8.1084,D7_CORE,medium,7.0,NO,4.0,0.0,YES,YES,YES,UNKNOWN,YES,NO,NO,NO,NO,NO,Low,2023-10-26,27.4934
CAH,2020,2,Cardinal Health,Healthcare,7.0,UP,0.7,0.256198347107438,10.5923,D7_CORE,medium,7.0,NO,3.0,0.0,YES,YES,YES,YES,YES,NO,NO,NO,NO,NO,Medium,2020-05-11,-17.7487
PANW,2022,3,Palo Alto Networks,Technology,8.0,UP,0.8,0.0714285714285712,9.6934,D7_CORE,low,8.0,YES,5.0,0.0,YES,YES,YES,YES,YES,NO,NO,NO,NO,NO,Low,2022-11-17,18.0118
INTC,2023,3,Intel,Technology,7.0,UP,0.7,0.9523809523809524,9.2866,D7_CORE,low,7.0,NO,4.0,0.0,UNKNOWN,YES,YES,YES,YES,NO,NO,NO,NO,NO,Low,2023-10-26,36.9619
GPN,2023,3,Global Payments,Industrials,7.0,UP,0.7,0.014760147601476,2.3314,D7_CORE,low,7.0,NO,4.0,0.0,YES,YES,YES,NO,YES,NO,NO,NO,NO,NO,Medium,2023-10-31,24.5279
QCOM,2020,3,Qualcomm,Technology,7.0,UP,0.7,0.2112676056338028,15.2209,D7_CORE,low,7.0,NO,0.0,0.0,UNKNOWN,UNKNOWN,UNKNOWN,UNKNOWN,UNKNOWN,UNKNOWN,UNKNOWN,UNKNOWN,UNKNOWN,UNKNOWN,Low,2020-07-29,21.9177
LYV,2023,1,Live Nation Entertainment,Communication Services,7.0,UP,0.7,0.4444444444444445,15.044,D7_CORE,low,7.0,NO,0.0,0.0,UNKNOWN,UNKNOWN,UNKNOWN,UNKNOWN,UNKNOWN,UNKNOWN,UNKNOWN,UNKNOWN,UNKNOWN,UNKNOWN,Low,2023-05-04,32.891
VRTX,2021,3,Vertex Pharmaceuticals,Healthcare,8.0,UP,0.8,0.1558441558441558,4.2282,D7_CORE,low,8.0,YES,3.0,0.0,YES,YES,NO,UNKNOWN,YES,NO,NO,NO,UNKNOWN,NO,Low,2021-11-02,17.2051
HAL,2021,4,Halliburton,Energy,6.0,UP,0.6,0.0588235294117645,3.8126,D6_STRICT,low,6.0,NO,4.0,0.0,NO,YES,YES,YES,YES,NO,NO,NO,NO,NO,Low,2022-01-24,33.4786
PAYC,2023,1,Paycom,Technology,7.0,UP,0.7,0.0468085106382978,1.7143,D7_CORE,low,7.0,NO,5.0,0.0,YES,YES,YES,YES,YES,NO,NO,NO,NO,NO,Low,2023-05-02,12.1905
SNPS,2023,2,Synopsys,Technology,8.0,UP,0.8,0.0283400809716598,8.6533,D7_CORE,low,8.0,YES,5.0,0.0,YES,YES,YES,YES,YES,NO,NO,NO,NO,NO,Low,2023-08-16,15.0976
BLK,2019,4,BlackRock,Financial Services,6.0,UP,0.6,0.0845253576072821,2.3036,D6_STRICT,low,6.0,NO,2.0,0.0,NO,YES,YES,UNKNOWN,UNKNOWN,NO,NO,NO,NO,NO,Low,2019-10-15,-10.671
GOOGL,2023,2,Alphabet Inc. (Class A),Communication Services,6.0,UP,0.6,0.0746268656716416,5.7769,D6_STRICT,low,6.0,NO,3.0,0.0,NO,YES,YES,YES,UNKNOWN,NO,NO,NO,NO,UNKNOWN,Low,2023-07-25,10.6783
COIN,2023,1,Coinbase Global,Financial Services,6.0,UP,0.6,1.1041666666666663,18.3259,D6_STRICT,low,6.0,NO,2.0,0.0,NO,YES,YES,UNKNOWN,UNKNOWN,NO,NO,NO,NO,NO,Low,2023-05-04,15.9894
MSI,2021,1,Motorola Solutions,Technology,8.0,UP,0.8,0.1543209876543209,5.8714,D7_CORE,low,8.0,YES,5.0,0.0,YES,YES,YES,YES,YES,NO,NO,NO,NO,NO,Low,2021-05-06,12.381
DECK,2020,3,Deckers Brands,Consumer Cyclical,7.0,UP,0.7,0.1018518518518517,7.6455,D7_CORE,low,7.0,NO,0.0,0.0,UNKNOWN,UNKNOWN,UNKNOWN,UNKNOWN,UNKNOWN,UNKNOWN,UNKNOWN,UNKNOWN,UNKNOWN,UNKNOWN,Low,2020-07-30,-37.2124
TT,2020,2,Trane Technologies,Industrials,7.0,UP,0.7,0.7162162162162162,6.5182,D7_CORE,low,7.0,NO,0.0,0.0,UNKNOWN,UNKNOWN,UNKNOWN,UNKNOWN,UNKNOWN,NO,UNKNOWN,UNKNOWN,UNKNOWN,UNKNOWN,Low,2020-05-05,11.4743
STE,2020,3,Steris,Healthcare,7.0,UP,0.7,0.0211267605633803,5.4523,D7_CORE,medium,7.0,NO,3.0,0.0,YES,YES,YES,NO,YES,NO,NO,NO,NO,NO,Medium,2020-08-03,-23.4338
AOS,2021,3,A. O. Smith,Industrials,7.0,UP,0.7,0.1617647058823529,10.0233,D7_CORE,medium,7.0,NO,0.0,0.0,NO,UNKNOWN,UNKNOWN,UNKNOWN,UNKNOWN,NO,UNKNOWN,UNKNOWN,UNKNOWN,UNKNOWN,Medium,2021-10-28,30.1634
SYK,2023,4,Stryker Corporation,Healthcare,6.0,UP,0.6,0.0581039755351681,5.95,D6_STRICT,low,6.0,NO,3.0,0.0,NO,YES,YES,YES,UNKNOWN,NO,NO,NO,NO,UNKNOWN,Low,2024-01-30,12.3168
CCL,2022,4,Carnival,Consumer Cyclical,6.0,UP,0.6,0.0449438202247191,4.6914,D6_STRICT,low,6.0,NO,3.0,0.0,NO,YES,YES,UNKNOWN,YES,NO,NO,NO,UNKNOWN,NO,Low,2022-12-21,46.5432
ACN,2021,3,Accenture,Technology,7.0,UP,0.7,0.0762331838565022,2.0511,D7_CORE,low,7.0,NO,3.0,0.0,UNKNOWN,YES,YES,UNKNOWN,YES,NO,NO,NO,UNKNOWN,NO,Low,2021-09-23,12.6461
FRT,2023,3,Federal Realty Investment Trust,Real Estate,7.0,UP,0.7,0.0185185185185183,2.1937,D7_CORE,medium,7.0,NO,3.0,0.0,YES,YES,UNKNOWN,UNKNOWN,YES,NO,NO,NO,NO,NO,Medium,2023-11-02,11.6747
CSGP,2023,3,CoStar Group,Real Estate,7.0,UP,0.7,0.03125,3.3727,D7_CORE,low,7.0,NO,4.0,0.0,YES,YES,YES,UNKNOWN,YES,NO,NO,NO,NO,NO,Low,2023-10-24,13.0108
CHTR,2021,2,Charter Communications,Communication Services,6.0,UP,0.6,0.106694560669456,4.2379,D6_STRICT,low,6.0,NO,3.0,0.0,NO,YES,YES,YES,UNKNOWN,NO,NO,NO,NO,NO,Low,2021-07-30,11.1054
WM,2023,4,Waste Management,Industrials,7.0,UP,0.7,0.1372549019607843,5.9652,D7_CORE,medium,7.0,NO,3.0,0.0,NO,UNKNOWN,YES,YES,YES,NO,NO,NO,NO,NO,Medium,2024-02-12,13.6566
VLO,2022,1,Valero Energy,Energy,6.0,UP,0.6,0.391566265060241,4.2228,D6_STRICT,low,6.0,NO,3.0,0.0,NO,YES,YES,YES,NO,NO,NO,NO,NO,NO,Low,2022-04-26,42.5159
WDC,2021,4,Western Digital,Technology,7.0,UP,0.7,0.4304635761589405,3.281,D7_CORE,low,7.0,NO,4.0,0.0,YES,YES,YES,NO,YES,NO,NO,NO,NO,NO,Low,2022-01-27,-10.8009
NCLH,2023,1,Norwegian Cruise Line Holdings,Consumer Cyclical,7.0,UP,0.7,0.3023255813953489,8.9139,D7_CORE,medium,7.0,NO,4.0,0.0,YES,YES,YES,NO,YES,NO,NO,NO,NO,NO,Medium,2023-05-01,45.8427
CCL,2023,4,Carnival,Consumer Cyclical,7.0,UP,0.7,0.4166666666666666,6.1981,D7_CORE,low,7.0,NO,4.0,0.0,YES,YES,NO,YES,YES,NO,NO,NO,NO,NO,Low,2023-12-21,-11.6215
FTNT,2023,1,Fortinet,Technology,8.0,UP,0.8,0.1724137931034484,5.5737,D7_CORE,low,8.0,YES,5.0,0.0,YES,YES,YES,YES,YES,NO,NO,NO,NO,NO,Low,2023-05-04,17.1298
ROST,2021,2,Ross Stores,Consumer Cyclical,7.0,UP,0.7,0.4183673469387754,2.0395,D7_CORE,low,7.0,NO,3.0,0.0,NO,YES,YES,YES,UNKNOWN,NO,NO,NO,NO,NO,Low,2021-08-19,-10.4474
BLDR,2021,3,Builders FirstSource,Industrials,7.0,UP,0.7,1.11875,8.5297,D7_CORE,medium,7.0,NO,5.0,0.0,YES,YES,YES,YES,YES,NO,NO,NO,NO,NO,Medium,2021-11-04,27.4975
MSCI,2021,2,MSCI,Financial Services,8.0,UP,0.8,0.0652173913043479,1.443,D7_CORE,low,8.0,YES,5.0,0.0,YES,YES,YES,YES,YES,NO,NO,NO,NO,NO,Low,2021-07-27,14.4608
KIM,2022,1,Kimco Realty,Real Estate,8.0,UP,0.8,1.4666666666666668,4.3978,D7_CORE,low,8.0,YES,4.0,0.0,YES,YES,YES,UNKNOWN,YES,NO,NO,NO,NO,NO,Low,2022-04-28,-18.1854
AMD,2023,3,Advanced Micro Devices,Technology,8.0,UP,0.8,0.0294117647058822,9.6853,D7_CORE,low,8.0,YES,5.0,0.0,YES,YES,YES,YES,YES,NO,NO,NO,NO,NO,Low,2023-10-31,40.1015
PAYX,2021,4,Paychex,Industrials,7.0,UP,0.7,0.0746268656716416,1.2754,D7_CORE,low,7.0,NO,3.0,0.0,YES,YES,YES,UNKNOWN,YES,NO,NO,NO,NO,NO,Low,2021-12-22,10.4526
CDNS,2021,4,Cadence Design Systems,Technology,8.0,UP,0.8,0.0789473684210525,4.1935,D7_CORE,low,8.0,YES,5.0,0.0,YES,YES,YES,YES,YES,NO,NO,NO,NO,NO,Low,2022-02-22,19.7027
AMAT,2021,1,Applied Materials,Technology,7.0,UP,0.7,0.0859374999999999,5.3161,D7_CORE,medium,7.0,NO,4.0,0.0,UNKNOWN,YES,YES,YES,YES,NO,NO,NO,NO,NO,Medium,2021-05-20,26.113
LEN,2019,4,Lennar,Consumer Cyclical,6.0,UP,0.6,0.1210526315789473,0.7875,D6_STRICT,low,6.0,NO,4.0,0.0,NO,YES,YES,YES,YES,NO,NO,NO,NO,NO,Low,2019-10-02,23.6437
NTAP,2022,1,NetApp,Technology,8.0,UP,0.8,0.2105263157894736,4.7162,D7_CORE,low,8.0,YES,4.0,0.0,YES,YES,YES,NO,YES,NO,NO,NO,NO,NO,Low,2022-06-01,11.2313
EXPE,2023,3,Expedia Group,Consumer Cyclical,7.0,UP,0.7,0.0504854368932038,18.8423,D7_CORE,low,7.0,NO,4.0,0.0,NO,YES,YES,YES,YES,NO,NO,NO,NO,NO,Low,2023-11-02,56.5479
GPC,2022,2,Genuine Parts Company,Consumer Cyclical,8.0,UP,0.8,0.0837438423645322,2.5503,D7_CORE,low,8.0,YES,5.0,0.0,YES,YES,YES,YES,YES,NO,NO,NO,NO,NO,Low,2022-07-27,13.459
TDG,2023,2,TransDigm Group,Industrials,7.0,UP,0.7,0.0972477064220184,4.6756,D7_CORE,low,7.0,NO,5.0,0.0,YES,YES,YES,YES,YES,NO,NO,NO,NO,NO,Low,2023-08-08,10.1373
VST,2023,2,Vistra Corp.,Utilities,8.0,UP,0.8,0.4268292682926829,5.17,D7_CORE,medium,8.0,YES,3.0,0.0,YES,YES,YES,UNKNOWN,YES,NO,NO,NO,NO,NO,Medium,2023-08-09,16.0652
KLAC,2021,1,KLA Corporation,Technology,7.0,UP,0.7,0.0938628158844764,5.9827,D7_CORE,low,7.0,NO,4.0,0.0,UNKNOWN,YES,YES,YES,YES,NO,NO,NO,NO,NO,Low,2021-04-29,35.2034
CRWD,2022,3,CrowdStrike,Technology,7.0,UP,0.7,0.7000000000000001,3.8958,D7_CORE,low,7.0,NO,4.0,0.0,NO,YES,YES,YES,YES,NO,NO,NO,NO,NO,Low,2022-11-29,-12.3077
FSLR,2022,4,First Solar,Energy,7.0,UP,0.7,0.611111111111111,15.6911,D7_CORE,medium,7.0,NO,2.0,0.0,YES,UNKNOWN,UNKNOWN,UNKNOWN,YES,NO,NO,NO,UNKNOWN,NO,Low,2023-02-28,24.9024
CTAS,2022,4,Cintas,Industrials,6.0,UP,0.6,0.0447761194029849,2.532,D6_STRICT,low,6.0,NO,3.0,0.0,NO,YES,YES,YES,UNKNOWN,NO,NO,NO,NO,UNKNOWN,Low,2022-12-21,14.7685
PTC,2020,4,PTC Inc.,Technology,7.0,UP,0.7,0.3928571428571428,4.1227,D7_CORE,low,7.0,NO,4.0,0.0,NO,YES,YES,YES,YES,NO,NO,NO,NO,NO,Low,2020-10-28,36.9953
ADBE,2024,2,Adobe Inc.,Technology,7.0,UP,0.7,0.0205011389521641,14.5115,D7_CORE,low,7.0,NO,3.0,0.0,NO,YES,UNKNOWN,YES,YES,NO,NO,NO,NO,NO,Low,2024-06-13,17.4325
HWM,2024,2,Howmet Aerospace,Industrials,7.0,UP,0.7,0.1166666666666667,13.2287,D7_CORE,medium,7.0,NO,5.0,0.0,YES,YES,YES,YES,YES,NO,NO,NO,NO,NO,Medium,2024-07-30,13.5667
VRSK,2024,1,Verisk Analytics,Industrials,7.0,UP,0.7,0.0653594771241829,6.8132,D7_CORE,low,7.0,NO,4.0,0.0,NO,YES,YES,YES,YES,NO,NO,NO,NO,NO,Low,2024-05-01,20.3157
ETN,2023,4,Eaton Corporation,Industrials,7.0,UP,0.7,0.0323886639676111,7.5138,D7_CORE,medium,7.0,NO,5.0,0.0,YES,YES,YES,YES,YES,NO,NO,NO,NO,NO,Medium,2024-02-01,21.0582
CMG,2021,2,Chipotle Mexican Grill,Consumer Cyclical,7.0,UP,0.7,0.1538461538461537,11.5275,D7_CORE,low,7.0,NO,3.0,0.0,UNKNOWN,YES,YES,UNKNOWN,YES,NO,NO,NO,NO,NO,Low,2021-07-20,20.578
WDC,2024,3,Western Digital,Technology,8.0,UP,0.8,1.903225806451613,2.7635,D7_CORE,low,8.0,YES,5.0,0.0,YES,YES,YES,YES,YES,NO,NO,NO,NO,NO,Low,2024-10-24,11.0349
UBER,2024,2,Uber,Technology,7.0,UP,0.7,0.5161290322580644,10.9268,D7_CORE,low,7.0,NO,4.0,0.0,NO,YES,YES,YES,YES,NO,NO,NO,NO,NO,Low,2024-08-06,25.684
APH,2024,3,Amphenol,Technology,7.0,UP,0.7,0.111111111111111,2.4233,D7_CORE,low,7.0,NO,4.0,0.0,YES,YES,YES,UNKNOWN,YES,NO,NO,NO,UNKNOWN,NO,Low,2024-10-23,11.279
CSX,2022,3,CSX Corporation,Industrials,6.0,UP,0.6,0.0408163265306122,1.6987,D6_STRICT,low,6.0,NO,2.0,0.0,NO,YES,YES,NO,NO,NO,NO,NO,NO,UNKNOWN,Medium,2022-10-20,15.7681
PSX,2024,2,Phillips 66,Energy,6.0,UP,0.6,0.1666666666666667,4.8145,D6_STRICT,medium,6.0,NO,2.0,0.0,NO,UNKNOWN,YES,YES,UNKNOWN,NO,NO,NO,NO,NO,Medium,2024-07-30,-10.975
FTNT,2021,1,Fortinet,Technology,6.0,UP,0.6,0.0666666666666667,4.5024,D6_STRICT,low,6.0,NO,3.0,0.0,NO,YES,YES,UNKNOWN,YES,NO,NO,NO,UNKNOWN,NO,Low,2021-04-29,18.419
APP,2023,2,AppLovin Corporation,Technology,8.0,UP,0.8,2.142857142857143,26.4876,D7_CORE,low,8.0,YES,5.0,0.0,YES,YES,YES,YES,YES,NO,NO,NO,NO,NO,Low,2023-08-09,28.3917
GPN,2024,2,Global Payments,Industrials,6.0,UP,0.6,0.0068728522336769,6.9232,D6_STRICT,low,6.0,NO,3.0,0.0,NO,YES,YES,NO,YES,NO,NO,NO,NO,NO,Low,2024-08-07,21.447
MS,2024,1,Morgan Stanley,Financial Services,6.0,UP,0.6,0.2168674698795181,2.4715,D6_STRICT,low,6.0,NO,1.0,0.0,NO,YES,NO,NO,UNKNOWN,NO,NO,UNKNOWN,NO,UNKNOWN,Low,2024-04-16,11.8175
ABBV,2021,3,AbbVie,Healthcare,7.0,UP,0.7,0.0309597523219814,4.5591,D7_CORE,medium,7.0,NO,4.0,0.0,YES,YES,YES,UNKNOWN,YES,NO,NO,NO,NO,NO,Medium,2021-10-29,15.3552
GOOG,2024,3,Alphabet Inc. (Class C),Communication Services,6.0,UP,0.6,0.1459459459459459,2.9216,D6_STRICT,low,6.0,NO,3.0,0.0,UNKNOWN,YES,YES,YES,UNKNOWN,NO,NO,NO,NO,NO,Low,2024-10-29,13.1413
BKNG,2023,2,Booking Holdings,Consumer Cyclical,7.0,UP,0.7,0.3017301038062283,7.8612,D7_CORE,low,7.0,NO,0.0,0.0,UNKNOWN,UNKNOWN,UNKNOWN,UNKNOWN,UNKNOWN,UNKNOWN,UNKNOWN,UNKNOWN,UNKNOWN,UNKNOWN,Low,2023-08-03,11.2123
CF,2024,2,CF Industries,Basic Materials,7.0,UP,0.7,0.2499999999999998,8.4993,D7_CORE,low,7.0,NO,4.0,0.0,NO,YES,YES,YES,YES,NO,NO,NO,NO,NO,Low,2024-08-07,11.337
BKNG,2024,3,Booking Holdings,Consumer Cyclical,7.0,UP,0.7,0.0821723426212591,4.7563,D7_CORE,low,7.0,NO,4.0,0.0,YES,YES,YES,UNKNOWN,YES,NO,NO,NO,NO,NO,Low,2024-10-30,17.1078
TXT,2023,2,Textron,Industrials,7.0,UP,0.7,0.2166666666666666,11.8713,D7_CORE,medium,7.0,NO,4.0,0.0,YES,YES,YES,NO,YES,NO,NO,NO,NO,NO,Medium,2023-07-27,10.5263
WRB,2023,3,W. R. Berkley Corporation,Financial Services,7.0,UP,0.7,0.1842105263157895,6.1531,D7_CORE,low,7.0,NO,4.0,0.0,NO,YES,YES,YES,YES,NO,NO,NO,NO,NO,Low,2023-10-23,14.5958
BG,2020,3,Bunge Global,Consumer Defensive,6.0,UP,0.6,11.35,4.2557,D6_STRICT,medium,6.0,NO,3.0,0.0,UNKNOWN,YES,YES,YES,UNKNOWN,NO,NO,NO,NO,NO,Medium,2020-07-29,15.8197
MU,2022,2,Micron Technology,Technology,7.0,UP,0.7,0.0862944162436549,2.7423,D7_CORE,low,7.0,NO,4.0,0.0,UNKNOWN,YES,YES,YES,YES,NO,NO,NO,NO,NO,Low,2022-06-30,-16.1533
MSFT,2024,1,Microsoft,Technology,7.0,UP,0.7,0.1283018867924529,3.0678,D7_CORE,low,7.0,NO,5.0,0.0,NO,YES,YES,YES,YES,NO,NO,NO,NO,NO,Low,2023-10-24,12.2288
ADBE,2023,1,Adobe Inc.,Technology,7.0,UP,0.7,0.0382513661202184,5.8991,D7_CORE,low,7.0,NO,3.0,0.0,YES,YES,UNKNOWN,UNKNOWN,YES,NO,NO,NO,NO,NO,Low,2023-03-15,13.1741
ANET,2024,1,Arista Networks,Technology,7.0,UP,0.7,0.1436781609195402,6.4526,D7_CORE,medium,7.0,NO,2.0,0.0,YES,UNKNOWN,NO,UNKNOWN,YES,NO,NO,NO,NO,NO,Medium,2024-05-07,23.1241
VRTX,2024,1,Vertex Pharmaceuticals,Healthcare,6.0,UP,0.6,0.1724137931034483,1.923,D6_STRICT,low,6.0,NO,3.0,0.0,NO,YES,YES,UNKNOWN,YES,NO,NO,NO,NO,NO,Low,2024-05-06,17.113
FDS,2022,3,FactSet,Financial Services,6.0,UP,0.6,0.1823899371069181,8.0069,D6_STRICT,medium,6.0,NO,4.0,0.0,NO,YES,YES,YES,YES,NO,NO,NO,NO,NO,Medium,2022-09-22,17.6057
AXON,2022,3,Axon Enterprise,Industrials,7.0,UP,0.7,0.3043478260869564,14.56,D7_CORE,low,7.0,NO,4.0,0.0,YES,YES,YES,UNKNOWN,YES,NO,NO,NO,NO,NO,Low,2022-11-08,11.88
PANW,2023,4,Palo Alto Networks,Technology,8.0,UP,0.8,0.1249999999999999,14.8402,D7_CORE,low,8.0,YES,5.0,0.0,YES,YES,YES,YES,YES,NO,NO,NO,NO,NO,Low,2024-02-20,10.5007
PLTR,2020,3,Palantir Technologies,Technology,7.0,UP,0.7,3.591836734693877,12.0527,D7_CORE,medium,7.0,NO,4.0,0.0,UNKNOWN,YES,YES,YES,YES,NO,NO,NO,NO,NO,Medium,2020-11-12,47.8343
DECK,2024,2,Deckers Brands,Consumer Cyclical,8.0,UP,0.8,0.5405405405405405,18.945,D7_CORE,low,8.0,YES,3.0,0.0,YES,YES,YES,UNKNOWN,YES,NO,NO,NO,UNKNOWN,NO,Low,2023-10-26,44.0193
FTNT,2024,3,Fortinet,Technology,6.0,UP,0.6,0.2115384615384615,9.9904,D6_STRICT,medium,6.0,NO,4.0,0.0,NO,YES,YES,YES,YES,NO,NO,NO,NO,NO,Medium,2024-11-07,15.2247
ROP,2022,3,Roper Technologies,Industrials,8.0,UP,0.8,0.0606936416184971,2.8175,D7_CORE,low,8.0,YES,5.0,0.0,YES,YES,YES,YES,YES,NO,NO,NO,NO,NO,Low,2022-10-26,14.7169
HST,2023,3,Host Hotels & Resorts,Real Estate,6.0,UP,0.6,0.1714285714285714,4.4872,D6_STRICT,low,6.0,NO,3.0,0.0,NO,YES,YES,UNKNOWN,YES,NO,NO,NO,NO,NO,Low,2023-11-01,22.7564
NOW,2024,2,ServiceNow,Technology,8.0,UP,0.8,0.1060070671378091,13.3977,D7_CORE,low,8.0,YES,5.0,0.0,YES,YES,YES,YES,YES,NO,NO,NO,NO,NO,Low,2024-07-24,12.8846
AXON,2024,3,Axon Enterprise,Industrials,6.0,UP,0.6,0.2083333333333333,28.6784,D6_STRICT,medium,6.0,NO,3.0,0.0,NO,YES,YES,UNKNOWN,YES,NO,NO,NO,UNKNOWN,NO,Medium,2024-11-07,33.1499
LMT,2024,2,Lockheed Martin,Industrials,7.0,UP,0.7,0.0603715170278637,5.6259,D7_CORE,medium,7.0,NO,5.0,0.0,YES,YES,YES,YES,YES,NO,NO,NO,NO,NO,Medium,2024-07-23,21.1109
STT,2021,2,State Street Corporation,Financial Services,8.0,UP,0.8,0.100558659217877,2.8913,D7_CORE,low,8.0,YES,4.0,0.0,YES,YES,YES,NO,YES,NO,NO,NO,NO,NO,Low,2021-07-16,15.0177
GOOGL,2024,3,Alphabet Inc. (Class A),Communication Services,7.0,UP,0.7,0.1584699453551912,2.8171,D7_CORE,low,7.0,NO,3.0,0.0,NO,YES,YES,YES,UNKNOWN,NO,NO,NO,NO,NO,Low,2024-10-29,13.1306
TMUS,2024,3,T-Mobile US,Communication Services,7.0,UP,0.7,0.0785123966942148,5.7072,D7_CORE,low,7.0,NO,5.0,0.0,YES,YES,YES,YES,YES,NO,NO,NO,NO,NO,Low,2024-10-23,10.3327
PAYC,2024,3,Paycom,Technology,7.0,UP,0.7,0.0372670807453415,21.3527,D7_CORE,low,7.0,NO,4.0,0.0,YES,YES,YES,UNKNOWN,YES,NO,NO,NO,NO,NO,Low,2024-10-30,36.1393
PH,2024,2,Parker Hannifin,Industrials,8.0,UP,0.8,0.1692015209125476,7.6814,D7_CORE,medium,8.0,YES,5.0,0.0,YES,YES,YES,YES,YES,NO,NO,NO,NO,NO,Medium,2024-08-08,15.268
KLAC,2024,3,KLA Corporation,Technology,7.0,UP,0.7,0.0499001996007984,4.9498,D7_CORE,low,7.0,NO,4.0,0.0,YES,NO,YES,YES,YES,NO,NO,NO,NO,NO,Low,2024-10-30,18.0444
HIG,2023,4,Hartford (The),Financial Services,6.0,UP,0.6,0.2540983606557377,3.7326,D6_STRICT,low,6.0,NO,4.0,0.0,NO,YES,YES,YES,YES,NO,NO,NO,NO,NO,Low,2024-02-01,14.4481
HIG,2024,2,Hartford (The),Financial Services,6.0,UP,0.6,0.1160714285714284,7.1338,D6_STRICT,medium,6.0,NO,3.0,0.0,NO,YES,YES,NO,YES,NO,NO,NO,NO,NO,Medium,2024-07-25,14.248
SNPS,2022,2,Synopsys,Technology,7.0,UP,0.7,0.0548523206751054,10.2542,D7_CORE,low,7.0,NO,0.0,0.0,UNKNOWN,UNKNOWN,UNKNOWN,UNKNOWN,UNKNOWN,NO,UNKNOWN,UNKNOWN,UNKNOWN,UNKNOWN,Low,2022-08-17,11.1311
PH,2024,1,Parker Hannifin,Industrials,7.0,UP,0.7,0.1224105461393597,9.2072,D7_CORE,medium,7.0,NO,4.0,0.0,YES,YES,YES,YES,YES,NO,NO,NO,NO,NO,Medium,2024-05-02,22.4391
CARR,2023,1,Carrier Global,Industrials,7.0,UP,0.7,0.0833333333333334,1.9926,D7_CORE,low,7.0,NO,4.0,0.0,YES,YES,YES,YES,YES,NO,NO,NO,NO,NO,Medium,2023-04-25,11.4391
TDY,2022,3,Teledyne Technologies,Technology,6.0,UP,0.6,0.0582750582750582,4.5173,D6_STRICT,medium,6.0,NO,4.0,0.0,NO,YES,YES,YES,YES,NO,NO,NO,NO,NO,Medium,2022-10-26,14.1069
BLK,2022,3,BlackRock,Financial Services,7.0,UP,0.7,0.3507779349363508,6.5769,D7_CORE,low,7.0,NO,0.0,0.0,UNKNOWN,UNKNOWN,UNKNOWN,UNKNOWN,UNKNOWN,UNKNOWN,UNKNOWN,UNKNOWN,UNKNOWN,UNKNOWN,Low,2022-10-13,38.9155
WMT,2025,2,Walmart,Consumer Defensive,7.0,UP,0.7,0.0307692307692307,6.5832,D7_CORE,medium,7.0,NO,3.0,0.0,YES,YES,YES,UNKNOWN,YES,NO,NO,NO,NO,NO,Medium,2025-08-21,16.1957
GEN,2025,2,Gen Digital,Technology,7.0,UP,0.7,0.0018552875695732,8.1754,D7_CORE,low,7.0,NO,3.0,0.0,YES,YES,NO,NO,YES,NO,NO,NO,NO,NO,Low,2025-08-07,10.9625
NVDA,2025,1,Nvidia,Technology,7.0,UP,0.7,0.0892857142857141,9.3207,D7_CORE,low,7.0,NO,5.0,0.0,YES,YES,YES,YES,YES,NO,NO,NO,NO,NO,Low,2025-05-28,38.3676
ORCL,2025,1,Oracle Corporation,Technology,6.0,UP,0.6,0.045112781954887,11.4376,D6_STRICT,low,6.0,NO,3.0,0.0,NO,YES,YES,UNKNOWN,YES,NO,NO,NO,NO,NO,Low,2024-09-09,25.3199
EA,2025,2,Electronic Arts,Technology,7.0,UP,0.7,0.0591133004926109,2.4173,D7_CORE,low,7.0,NO,5.0,0.0,YES,YES,YES,YES,YES,NO,NO,NO,NO,NO,Low,2025-07-29,11.6536
DECK,2025,2,Deckers Brands,Consumer Cyclical,8.0,UP,0.8,0.2822580645161291,10.5696,D7_CORE,low,8.0,YES,3.0,0.0,YES,YES,YES,UNKNOWN,YES,NO,NO,NO,NO,NO,Low,2024-10-24,32.5638
WMT,2025,1,Walmart,Consumer Defensive,7.0,UP,0.7,0.1538461538461537,6.9865,D7_CORE,medium,7.0,NO,4.0,0.0,NO,YES,YES,YES,YES,NO,NO,NO,NO,NO,Medium,2025-05-15,12.7862
